Date;Temperature;Humidity;Light;CO2;HumidityRatio;Occupancy
2015-02-04 17:51:00;23.18;27.272;426.0;721.25;0.00479298817650529;1
2015-02-04 18:01:00;23.075;27.15;419.0;690.25;0.00474095189694268;1
2015-02-04 18:10:59;22.89;27.39;0.0;689.5;0.00472950615591001;0
2015-02-04 18:21:00;22.7;27.463333333333303;0.0;668.666666666667;0.00468754308384392;0
2015-02-04 18:30:59;22.6;27.445;0.0;655.0;0.00465583283178072;0
2015-02-04 18:40:59;22.39;27.356666666666698;0.0;629.333333333333;0.0045814588813251;0
2015-02-04 18:51:00;22.34;27.39;0.0;626.5;0.0045730503494798205;0
2015-02-04 19:01:00;22.29;27.29;0.0;608.0;0.00454228962919881;0
2015-02-04 19:11:00;22.2;27.29;0.0;594.333333333333;0.00451728819349999;0
2015-02-04 19:21:00;22.2;27.2;0.0;577.0;0.0045022827427646395;0
2015-02-04 19:31:00;22.1;27.2;0.0;574.5;0.004474738269723721;0
2015-02-04 19:40:59;22.0;27.1;0.0;558.0;0.00443087555124918;0
2015-02-04 19:51:00;21.89;27.1;0.0;551.5;0.00440102296708593;0
2015-02-04 20:00:59;21.79;27.1;0.0;542.0;0.00437403835445405;0
2015-02-04 20:10:59;21.73;27.0;0.0;533.333333333333;0.00434172461000499;0
2015-02-04 20:21:00;21.7;26.89;0.0;533.333333333333;0.00431593567308493;0
2015-02-04 20:31:00;21.7;26.79;0.0;525.5;0.00429977438278406;0
2015-02-04 20:41:00;21.65;26.65;0.0;514.0;0.0042640030849451106;0
2015-02-04 20:51:00;21.6;26.445;0.0;508.75;0.00421797093546809;0
2015-02-04 21:01:00;21.55;26.245;0.0;503.0;0.00417298202219627;0
2015-02-04 21:10:59;21.5;26.1;0.0;500.0;0.00413700558321316;0
2015-02-04 21:21:00;21.5;26.0;0.0;493.0;0.00412104996926551;0
2015-02-04 21:30:59;21.5;25.89;0.0;491.0;0.00410349973312177;0
2015-02-04 21:40:59;21.463333333333303;25.76;0.0;493.333333333333;0.00407354230391887;0
2015-02-04 21:51:00;21.445;25.745;0.0;487.25;0.0040665556071492895;0
2015-02-04 22:01:00;21.39;25.7;0.0;485.5;0.00404565562779471;0
2015-02-04 22:11:00;21.39;25.7;0.0;475.0;0.00404565562779471;0
2015-02-04 22:21:00;21.39;25.7;0.0;477.5;0.00404565562779471;0
2015-02-04 22:31:00;21.29;25.7;0.0;474.0;0.00402076872591321;0
2015-02-04 22:40:59;21.29;25.7;0.0;475.5;0.00402076872591321;0
2015-02-04 22:51:00;21.29;25.7;0.0;469.5;0.00402076872591321;0
2015-02-04 23:00:59;21.245;25.65;0.0;471.0;0.00400176273769059;0
2015-02-04 23:10:59;21.2;25.6;0.0;467.5;0.00398282809773472;0
2015-02-04 23:21:00;21.2;25.5;0.0;473.0;0.00396717094567545;0
2015-02-04 23:31:00;21.2;25.39;0.0;467.0;0.00394994898302393;0
2015-02-04 23:41:00;21.2;25.39;0.0;467.0;0.00394994898302393;0
2015-02-04 23:51:00;21.2;25.29;0.0;465.0;0.00393429347565304;0
2015-02-05 00:01:00;21.245;25.245;0.0;458.5;0.00393817695145039;0
2015-02-05 00:10:59;21.29;25.2;0.0;461.666666666667;0.00394204788657305;0
2015-02-05 00:21:00;21.29;25.2;0.0;454.5;0.00394204788657305;0
2015-02-05 00:30:59;21.2;25.2;0.0;458.666666666667;0.00392020418856616;0
2015-02-05 00:40:59;21.1;25.39;0.0;454.0;0.00392561907243717;0
2015-02-05 00:51:00;21.05;25.445;0.0;449.0;0.00392203465655424;0
2015-02-05 01:01:00;21.1;25.39;0.0;451.0;0.00392561907243717;0
2015-02-05 01:11:00;21.1;25.34;0.0;443.5;0.00391783973869481;0
2015-02-05 01:21:00;21.1666666666667;25.2;0.0;444.0;0.00391214105268426;0
2015-02-05 01:31:00;21.2;25.15;0.0;441.5;0.0039123770809183205;0
2015-02-05 01:40:59;21.2;25.1;0.0;437.5;0.0039045501690233705;0
2015-02-05 01:51:00;21.125;25.1;0.0;445.75;0.0038865014883685297;0
2015-02-05 02:00:59;21.0;25.0;0.0;440.5;0.0038411240057139;0
2015-02-05 02:10:59;21.0;25.1;0.0;440.0;0.00385658376615144;0
2015-02-05 02:21:00;21.0;25.0;0.0;444.0;0.0038411240057139;0
2015-02-05 02:31:00;21.05;24.945;0.0;444.5;0.0038444894380611203;0
2015-02-05 02:41:00;21.1;24.9175;0.0;442.25;0.0038521120883530796;0
2015-02-05 02:51:00;21.033333333333303;24.823333333333302;0.0;438.0;0.00382168297154121;0
2015-02-05 03:01:00;21.0;24.89;0.0;445.0;0.00382411915135911;0
2015-02-05 03:10:59;20.89;24.89;0.0;445.5;0.0037981812511967204;0
2015-02-05 03:21:00;20.89;24.89;0.0;442.0;0.0037981812511967204;0
2015-02-05 03:30:59;21.0;24.6333333333333;0.0;441.333333333333;0.0037844447512991;0
2015-02-05 03:40:59;21.0;24.55;0.0;443.5;0.00377156453430672;0
2015-02-05 03:51:00;21.0;24.39;0.0;444.0;0.00374683600391986;0
2015-02-05 04:01:00;21.0;24.356666666666698;0.0;442.666666666667;0.00374168447274892;0
2015-02-05 04:11:00;20.856666666666698;24.356666666666698;0.0;447.0;0.0037086495016106103;0
2015-02-05 04:21:00;20.89;24.29;0.0;444.0;0.00370607650135101;0
2015-02-05 04:31:00;20.865;24.175;0.0;447.25;0.00368272360450164;0
2015-02-05 04:40:59;20.945;24.0;0.0;446.0;0.0036740499209487604;0
2015-02-05 04:51:00;21.0;23.79;0.0;447.0;0.0036541214186581704;0
2015-02-05 05:00:59;20.89;23.73;0.0;443.333333333333;0.0036201365257493897;0
2015-02-05 05:10:59;20.89;23.6;0.0;449.5;0.0036001895504273397;0
2015-02-05 05:21:00;20.945;23.5;0.0;448.5;0.0035970645630440203;0
2015-02-05 05:31:00;20.89;23.5;0.0;444.25;0.0035848465887700705;0
2015-02-05 05:41:00;20.89;23.445;0.0;446.5;0.0035764082806406102;0
2015-02-05 05:51:00;20.84;23.395;0.0;446.5;0.0035577118429189797;0
2015-02-05 06:01:00;20.89;23.34;0.0;448.5;0.00356029941541926;0
2015-02-05 06:10:59;20.89;23.2;0.0;451.0;0.0035388222189340897;0
2015-02-05 06:21:00;20.89;23.1;0.0;452.5;0.0035234822671828397;0
2015-02-05 06:30:59;20.89;23.1;0.0;447.75;0.0035234822671828397;0
2015-02-05 06:40:59;20.79;22.89;0.0;452.0;0.0034697306094892;0
2015-02-05 06:51:00;20.7;22.89;0.0;454.5;0.0034504446246964604;0
2015-02-05 07:01:00;20.7;22.79;0.0;459.0;0.00343528734498098;0
2015-02-05 07:11:00;20.7;22.7;0.0;455.666666666667;0.0034216464213478602;0
2015-02-05 07:21:00;20.7;22.5;0.0;455.0;0.00339133538795165;0
2015-02-05 07:31:00;20.7;22.5;0.0;459.0;0.00339133538795165;0
2015-02-05 07:40:59;20.7;22.463333333333303;423.666666666667;472.666666666667;0.0033857786838558802;0
2015-02-05 07:51:00;20.89;23.29;396.0;515.0;0.00355262881880505;1
2015-02-05 08:00:59;21.0;23.6;405.0;559.25;0.00362476752736239;1
2015-02-05 08:10:59;21.033333333333303;23.6666666666667;419.0;602.333333333333;0.0036425651983171;1
2015-02-05 08:21:00;21.29;23.865;422.5;650.75;0.00373196021214811;1
2015-02-05 08:31:00;21.29;24.2;433.0;692.75;0.00378466558687248;1
2015-02-05 08:41:00;21.365;24.29;429.0;736.25;0.0038164433572026204;1
2015-02-05 08:51:00;21.39;24.29;446.5;758.25;0.00382233153775034;1
2015-02-05 09:01:00;21.5;24.356666666666698;465.666666666667;786.666666666667;0.00385896248129404;1
2015-02-05 09:10:59;21.79;24.89;492.0;854.0;0.0040150338084687;1
2015-02-05 09:21:00;22.0;25.5;506.0;936.0;0.0041675212615806395;1
2015-02-05 09:30:59;22.1;25.83;478.0;1006.6666666666699;0.00424781703306446;1
2015-02-05 09:40:59;22.1;26.03;459.0;1011.6666666666699;0.00428093397277306;1
2015-02-05 09:51:00;22.1;26.29;454.0;1031.33333333333;0.00432399123106433;1
2015-02-05 10:01:00;22.125;26.4425;449.5;1032.75;0.00435592680689732;1
2015-02-05 10:11:00;22.1;26.6;449.5;1045.5;0.00437533646969611;1
2015-02-05 10:21:00;22.1;26.64;469.0;1048.25;0.00438196227498949;1
2015-02-05 10:31:00;22.0666666666667;26.26;464.0;1016.0;0.00431019492691724;1
2015-02-05 10:40:59;22.1;26.2;454.0;1014.0;0.004309086125527961;1
2015-02-05 10:51:00;22.05;26.34;450.25;1030.5;0.00431899545312204;1
2015-02-05 11:00:59;22.1;26.5;479.0;1047.0;0.004358772569708571;1
2015-02-05 11:10:59;22.1;26.6;454.0;1077.33333333333;0.00437533646969611;1
2015-02-05 11:21:00;22.15;26.6;444.0;1075.75;0.00438878240585666;1
2015-02-05 11:31:00;22.2;26.9175;444.0;1104.0;0.00445518696883703;1
2015-02-05 11:41:00;22.2;27.0;454.0;1129.75;0.00446893986995333;1
2015-02-05 11:51:00;22.2;27.033333333333303;444.0;1132.33333333333;0.00447449676895718;1
2015-02-05 12:01:00;22.2;27.1;465.666666666667;1110.0;0.00448561086271465;1
2015-02-05 12:10:59;22.2;27.0;524.0;1085.5;0.00446893986995333;1
2015-02-05 12:21:00;22.533333333333303;26.823333333333302;607.0;1092.33333333333;0.00453108315736118;1
2015-02-05 12:30:59;22.7;26.89;520.0;1110.33333333333;0.0045889624577280606;1
2015-02-05 12:40:59;22.675;26.575;533.25;1078.5;0.004527889887239771;0
2015-02-05 12:51:00;22.6;26.5;630.5;1035.75;0.0044943625011366105;1
2015-02-05 13:01:00;22.89;26.175;579.25;997.5;0.004518184825074679;0
2015-02-05 13:11:00;22.745;26.0;22.0;963.25;0.00444820689603743;0
2015-02-05 13:21:00;22.4175;26.05;33.5;934.5;0.00436844545377996;0
2015-02-05 13:31:00;22.29;26.1;112.75;898.5;0.00434283690213977;0
2015-02-05 13:40:59;22.29;26.175;545.333333333333;881.0;0.00435540370260293;0
2015-02-05 13:51:00;22.29;26.1;444.0;840.5;0.00434283690213977;0
2015-02-05 14:00:59;22.2675;25.89;451.0;795.0;0.0043017164486566;0
2015-02-05 14:10:59;22.2225;25.8925;448.0;775.5;0.00429028298913779;0
2015-02-05 14:21:00;22.2;26.823333333333302;441.0;832.666666666667;0.00443948995095924;1
2015-02-05 14:31:00;22.2675;27.4225;429.0;917.25;0.00455821283752403;1
2015-02-05 14:41:00;22.29;28.39;479.0;1021.0;0.00472677070962879;1
2015-02-05 14:51:00;22.39;28.2;489.0;1053.0;0.0047237656835910705;1
2015-02-05 15:01:00;22.55;28.3175;530.0;1082.5;0.0047903090040007;1
2015-02-05 15:10:59;22.6;28.315;518.0;1102.25;0.0048045616611930705;1
2015-02-05 15:21:00;22.6;28.23;464.0;1104.33333333333;0.0047900275718815895;1
2015-02-05 15:30:59;22.5;27.6;460.0;1085.0;0.00465375870689364;1
2015-02-05 15:40:59;22.5;27.29;479.666666666667;1072.0;0.00460110156985465;1
2015-02-05 15:51:00;22.5;27.125;474.0;1071.25;0.00457307799246869;1
2015-02-05 16:01:00;22.5;26.925;446.5;1048.5;0.00453911338025217;1
2015-02-05 16:11:00;22.39;26.745;449.5;1074.25;0.00447828469193235;1
2015-02-05 16:21:00;22.445;26.695;429.0;1077.5;0.00448493305524509;1
2015-02-05 16:31:00;22.39;26.426666666666698;444.0;1068.66666666667;0.0044246025748417295;1
2015-02-05 16:40:59;22.39;26.323333333333302;441.0;1053.66666666667;0.00440717894397208;1
2015-02-05 16:51:00;22.34;26.145;438.0;1068.0;0.00436372611266303;1
2015-02-05 17:00:59;22.2675;25.8925;438.0;1039.0;0.0043021347056831;1
2015-02-05 17:10:59;22.2675;25.4975;433.0;998.75;0.004236057023591379;1
2015-02-05 17:21:00;22.29;25.2;433.0;966.333333333333;0.00419207461976444;1
2015-02-05 17:31:00;22.2;24.7;433.0;933.5;0.00408575176529873;1
2015-02-05 17:41:00;22.175;24.39;433.0;900.5;0.004027962494025161;1
2015-02-05 17:51:00;22.1333333333333;24.26;433.0;887.0;0.00399613226154318;1
2015-02-05 18:01:00;22.025;23.9175;433.0;847.0;0.003913264934280829;1
2015-02-05 18:10:59;21.84;23.745;0.0;813.666666666667;0.0038409808590766;0
2015-02-05 18:21:00;21.7;23.55;0.0;755.0;0.0037765994842066;0
2015-02-05 18:30:59;21.5;23.35;0.0;732.5;0.00369852230282477;0
2015-02-05 18:40:59;21.29;22.6;0.0;666.5;0.0035330184567504298;0
2015-02-05 18:51:00;21.29;22.1;0.0;640.0;0.00345442022913307;0
2015-02-05 19:01:00;21.2;21.2;0.0;600.0;0.00329465355314865;0
2015-02-05 19:11:00;21.29;20.89;0.0;578.0;0.0032642942300848197;0
2015-02-05 19:21:00;21.2;20.0;0.0;545.0;0.00310723211014337;0
2015-02-05 19:31:00;21.2;19.995;0.0;539.5;0.00310645142250747;0
2015-02-05 19:40:59;21.1;19.79;0.0;513.5;0.00305553403350672;0
2015-02-05 19:51:00;21.1;19.7;0.0;505.0;0.00304157027407045;0
2015-02-05 20:00:59;21.15;19.395;0.0;491.0;0.00300350559744339;0
2015-02-05 20:10:59;21.2;19.34;0.0;485.5;0.0030041981989707;0
2015-02-05 20:21:00;21.2;19.34;0.0;483.5;0.0030041981989707;0
2015-02-05 20:31:00;21.2;19.356666666666698;0.0;479.0;0.0030067996473872103;0
2015-02-05 20:41:00;21.1666666666667;19.5;0.0;474.666666666667;0.00302295139961112;0
2015-02-05 20:51:00;21.0;19.7;0.0;463.5;0.0030228482235861898;0
2015-02-05 21:01:00;20.963333333333303;19.79;0.0;472.666666666667;0.00302985476836808;0
2015-02-05 21:10:59;20.89;19.926666666666698;0.0;472.0;0.0030370849116947603;0
2015-02-05 21:21:00;20.89;20.0;0.0;466.0;0.00304831664828052;0
2015-02-05 21:30:59;20.89;20.15;0.0;464.5;0.00307129191225357;0
2015-02-05 21:40:59;20.79;20.245;0.0;460.0;0.00306681721938609;0
2015-02-05 21:51:00;20.7;20.445;0.0;461.5;0.00308005962232409;0
2015-02-05 22:01:00;20.7;20.6;0.0;457.666666666667;0.00310352703828971;0
2015-02-05 22:11:00;20.6;20.7;0.0;460.0;0.00309941018839007;0
2015-02-05 22:21:00;20.55;20.89;0.0;446.0;0.00311832334195416;0
2015-02-05 22:31:00;20.55;21.0;0.0;450.5;0.00313482618237526;0
2015-02-05 22:40:59;20.6;21.1;0.0;455.0;0.00315960640919795;0
2015-02-05 22:51:00;20.533333333333303;21.2;0.0;455.666666666667;0.00316156496802361;0
2015-02-05 23:00:59;20.5;21.29;0.0;449.0;0.00316849891658704;0
2015-02-05 23:10:59;20.445;21.29;0.0;446.5;0.00315770708296947;0
2015-02-05 23:21:00;20.39;21.29;0.0;449.0;0.00314694763447223;0
2015-02-05 23:31:00;20.39;21.29;0.0;444.5;0.00314694763447223;0
2015-02-05 23:41:00;20.323333333333302;21.29;0.0;444.333333333333;0.0031339491768134103;0
2015-02-05 23:51:00;20.245;21.245;0.0;438.0;0.00311211147465291;0
2015-02-06 00:01:00;20.2;21.2;0.0;439.0;0.0030968140539317;0
2015-02-06 00:10:59;20.2;21.29;0.0;444.5;0.0031100266408711197;0
2015-02-06 00:21:00;20.1;21.2;0.0;446.0;0.0030776179310379;0
2015-02-06 00:30:59;20.1;21.0666666666667;0.0;442.333333333333;0.0030581666759902397;0
2015-02-06 00:40:59;20.2;20.89;0.0;446.0;0.0030513083071351398;0
2015-02-06 00:51:00;20.29;20.79;0.0;443.0;0.0030536578877459;0
2015-02-06 01:01:00;20.29;20.7;0.0;441.5;0.0030403739727938397;0
2015-02-06 01:11:00;20.29;20.7;0.0;437.0;0.0030403739727938397;0
2015-02-06 01:21:00;20.245;20.55;0.0;440.0;0.00300981052537268;0
2015-02-06 01:31:00;20.39;20.29;0.0;440.0;0.00299842166673735;0
2015-02-06 01:40:59;20.39;20.0;0.0;440.5;0.00295536233629246;0
2015-02-06 01:51:00;20.5;19.89;0.0;436.0;0.0029591517030864898;0
2015-02-06 02:00:59;20.5;19.65;0.0;436.5;0.00292327768638439;0
2015-02-06 02:10:59;20.55;19.6;0.0;433.0;0.00292485503579613;0
2015-02-06 02:21:00;20.5666666666667;19.5;0.0;437.0;0.00291286928120345;0
2015-02-06 02:31:00;20.6;19.34;0.0;433.0;0.00289482972125133;0
2015-02-06 02:41:00;20.463333333333303;19.2266666666667;0.0;432.666666666667;0.00285351580731716;0
2015-02-06 02:51:00;20.445;19.05;0.0;435.0;0.0028239646007775397;0
2015-02-06 03:01:00;20.5;19.1;0.0;432.5;0.00284108192979292;0
2015-02-06 03:10:59;20.5;19.05;0.0;429.5;0.00283361066045245;0
2015-02-06 03:21:00;20.5;19.0;0.0;426.0;0.00282613956977883;0
2015-02-06 03:30:59;20.5;18.89;0.0;429.5;0.00280970379917266;0
2015-02-06 03:40:59;20.5;19.0;0.0;434.5;0.00282613956977883;0
2015-02-06 03:51:00;20.39;18.79;0.0;429.5;0.00277576499665867;0
2015-02-06 04:01:00;20.445;18.79;0.0;434.0;0.00278524971345677;0
2015-02-06 04:11:00;20.39;18.6666666666667;0.0;431.666666666667;0.0027574647285136603;0
2015-02-06 04:21:00;20.39;18.76;0.0;434.0;0.0027713134814100603;0
2015-02-06 04:31:00;20.445;18.7;0.0;433.5;0.00277184952407835;0
2015-02-06 04:40:59;20.445;18.7;0.0;432.5;0.00277184952407835;0
2015-02-06 04:51:00;20.39;18.7;0.0;429.0;0.00276241064121188;0
2015-02-06 05:00:59;20.39;18.7;0.0;430.0;0.00276241064121188;0
2015-02-06 05:10:59;20.39;18.6666666666667;0.0;430.0;0.0027574647285136603;0
2015-02-06 05:21:00;20.356666666666698;18.6666666666667;0.0;432.666666666667;0.00275176823262922;0
2015-02-06 05:31:00;20.39;18.7;0.0;429.0;0.00276241064121188;0
2015-02-06 05:41:00;20.29;18.7675;0.0;432.75;0.0027552749621612103;0
2015-02-06 05:51:00;20.29;18.745;0.0;437.0;0.00275195710045601;0
2015-02-06 06:01:00;20.29;18.79;0.0;433.0;0.00275859285910685;0
2015-02-06 06:10:59;20.29;18.79;0.0;433.0;0.00275859285910685;0
2015-02-06 06:21:00;20.29;18.6;0.0;437.0;0.00273057617031989;0
2015-02-06 06:30:59;20.29;18.6;0.0;432.5;0.00273057617031989;0
2015-02-06 06:40:59;20.39;18.6;0.0;434.0;0.0027475731380385;0
2015-02-06 06:51:00;20.29;18.7;0.0;434.0;0.00274532148276465;0
2015-02-06 07:01:00;20.2;18.6;0.0;432.0;0.00271535808553788;0
2015-02-06 07:11:00;20.2;18.6;0.0;436.0;0.00271535808553788;0
2015-02-06 07:21:00;20.29;18.5;0.0;439.0;0.0027158315538998896;0
2015-02-06 07:31:00;20.2;18.5;0.0;432.666666666667;0.00270069599925773;0
2015-02-06 07:40:59;20.2;18.6;401.333333333333;439.0;0.00271535808553788;1
2015-02-06 07:51:00;20.15;18.89;411.0;460.0;0.00274932735405506;1
2015-02-06 08:00:59;20.426666666666698;19.163333333333302;413.0;504.0;0.00283761363273738;1
2015-02-06 08:10:59;20.7225;19.6;419.0;546.25;0.0029562696644912802;1
2015-02-06 08:21:00;20.865;19.65;419.0;579.5;0.0029900893400426898;1
2015-02-06 08:31:00;20.823333333333302;19.6666666666667;433.0;591.0;0.0029849368348218697;1
2015-02-06 08:41:00;20.865;19.7675;433.0;620.25;0.00300805547702872;1
2015-02-06 08:51:00;20.865;19.7675;433.0;637.5;0.00300805547702872;1
2015-02-06 09:01:00;20.9175;19.79;433.0;642.0;0.0030212854568588;1
2015-02-06 09:10:59;20.945;20.5;443.5;710.0;0.00313554997033061;1
2015-02-06 09:21:00;21.0;20.815;437.25;752.25;0.00319481714505113;1
2015-02-06 09:30:59;21.1;21.2;444.0;787.666666666667;0.0032743810821691;1
2015-02-06 09:40:59;21.175;21.075;460.0;805.25;0.00327007705069215;1
2015-02-06 09:51:00;21.315;20.9725;444.0;809.25;0.00328230854413818;1
2015-02-06 10:01:00;21.39;20.79;460.0;796.0;0.00326866896536751;1
2015-02-06 10:11:00;21.315;21.2675;460.0;844.5;0.00332872470430793;1
2015-02-06 10:21:00;21.39;21.34;449.5;848.5;0.0033556081982923803;1
2015-02-06 10:31:00;21.315;20.9175;465.25;824.0;0.0032736554458653896;1
2015-02-06 10:40:59;21.5;21.1;539.5;843.0;0.00334021979127877;1
2015-02-06 10:51:00;21.7;20.815;481.5;850.75;0.0033356486674956;1
2015-02-06 11:00:59;21.745;20.7225;476.75;852.5;0.0033299422525362;1
2015-02-06 11:10:59;21.79;20.55;487.75;837.0;0.0033112166120506104;1
2015-02-06 11:21:00;21.7;20.6666666666667;464.0;826.0;0.00331175136679585;1
2015-02-06 11:31:00;21.7225;20.525;502.75;815.75;0.00329348077410498;1
2015-02-06 11:41:00;21.7;20.4175;464.0;794.0;0.00327161338240943;1
2015-02-06 11:51:00;21.65;20.34;465.5;789.5;0.00324912852407748;1
2015-02-06 12:01:00;21.7;20.39;494.0;803.0;0.00326718375337819;1
2015-02-06 12:10:59;21.7;20.39;567.5;805.5;0.00326718375337819;1
2015-02-06 12:21:00;21.79;20.295;489.0;801.5;0.00326991251875266;1
2015-02-06 12:30:59;21.79;20.39;479.0;811.333333333333;0.0032852996804469;1
2015-02-06 12:40:59;21.7;20.2225;500.25;789.75;0.00324020464092953;1
2015-02-06 12:51:00;21.7;20.125;481.25;757.5;0.00322450145345648;1
2015-02-06 13:01:00;21.533333333333303;19.963333333333303;58.3333333333333;732.0;0.00316585374749298;0
2015-02-06 13:11:00;21.39;19.89;57.0;692.5;0.00312645689641751;0
2015-02-06 13:21:00;21.29;19.6;499.0;659.25;0.00306172518106119;1
2015-02-06 13:31:00;21.445;19.5;494.0;665.0;0.00307524859218901;1
2015-02-06 13:40:59;21.5;19.315;546.0;647.0;0.00305625824446108;0
2015-02-06 13:51:00;21.7;19.12;559.5;632.25;0.0030626837857422;1
2015-02-06 14:00:59;21.79;19.05;555.5;629.75;0.00306832968772729;1
2015-02-06 14:10:59;21.79;19.2;509.0;669.0;0.00309260988891347;1
2015-02-06 14:21:00;21.945;19.79;551.0;735.5;0.00321860358164257;1
2015-02-06 14:31:00;22.1;20.075;566.25;760.0;0.0032963751832523;1
2015-02-06 14:41:00;22.2;20.65;539.0;802.25;0.00341214572414583;1
2015-02-06 14:51:00;22.1333333333333;20.823333333333302;498.666666666667;846.0;0.00342692208616013;1
2015-02-06 15:01:00;22.2;21.29;528.666666666667;895.333333333333;0.00351849566665982;1
2015-02-06 15:10:59;22.2;21.575;512.75;910.75;0.00356586626583119;1
2015-02-06 15:21:00;22.1;21.1475;499.0;893.5;0.00347346634582456;1
2015-02-06 15:30:59;22.075;21.2225;489.0;864.75;0.00348051631237202;1
2015-02-06 15:40:59;22.1;21.533333333333303;479.0;882.333333333333;0.00353719966894183;1
2015-02-06 15:51:00;22.1;21.2475;471.5;896.5;0.00348998345488499;1
2015-02-06 16:01:00;22.016666666666698;21.0116666666667;478.6;864.6;0.00343344579955854;1
2015-02-06 16:11:00;21.963333333333303;21.463333333333303;469.0;885.666666666667;0.0034962098546660898;1
2015-02-06 16:21:00;21.89;21.29;461.5;879.0;0.00345224574876583;1
2015-02-06 16:31:00;21.79;21.1975;464.5;902.5;0.0034161211380453397;1
2015-02-06 16:40:59;21.7225;21.525;460.0;910.5;0.00345483395650013;1
2015-02-06 16:51:00;21.7675;21.6975;444.0;962.0;0.00349232111196078;1
2015-02-06 17:00:59;21.79;21.7933333333333;444.0;945.666666666667;0.00351268600619375;1
2015-02-06 17:10:59;21.79;21.6;438.0;916.5;0.0034813498020422303;1
2015-02-06 17:21:00;21.7225;21.5475;438.0;886.5;0.0034584653610025898;1
2015-02-06 17:31:00;21.7;21.2675;433.0;848.25;0.0034085601462559897;1
2015-02-06 17:41:00;21.6;21.2;433.0;817.5;0.00337685294517225;1
2015-02-06 17:51:00;21.7;21.05;433.0;801.0;0.00337351217535461;1
2015-02-06 18:01:00;21.7;20.856666666666698;433.0;778.0;0.0033423617210135803;1
2015-02-06 18:10:59;21.533333333333303;20.7;0.0;763.333333333333;0.00328329353292887;0
2015-02-06 18:21:00;21.39;20.5;0.0;722.5;0.0032228380114210898;0
2015-02-06 18:30:59;21.2;20.2;0.0;666.5;0.00313846121464453;0
2015-02-06 18:40:59;21.0;20.0;0.0;626.0;0.0030691085850655803;0
2015-02-06 18:51:00;20.89;19.79;0.0;595.5;0.00301615411603875;0
2015-02-06 19:01:00;20.945;19.7;0.0;572.5;0.0030125943921452104;0
2015-02-06 19:11:00;20.79;19.5;0.0;537.0;0.00295342489640642;0
2015-02-06 19:21:00;20.6333333333333;19.323333333333302;0.0;523.666666666667;0.00289830100827254;0
2015-02-06 19:31:00;20.6;19.29;0.0;509.5;0.00288731093257501;0
2015-02-06 19:40:59;20.5;19.29;0.0;492.5;0.00286947438284154;0
2015-02-06 19:51:00;20.5;19.29;0.0;484.0;0.00286947438284154;0
2015-02-06 20:00:59;20.39;19.2;0.0;472.0;0.00283660872987593;0
2015-02-06 20:10:59;20.5;19.2;0.0;455.0;0.0028560250045001;0
2015-02-06 20:21:00;20.39;19.1;0.0;458.0;0.0028217677022694104;0
2015-02-06 20:31:00;20.245;19.245;0.0;459.5;0.00281781068918898;0
2015-02-06 20:41:00;20.29;19.1;0.0;458.0;0.00280430969377713;0
2015-02-06 20:51:00;20.2;19.1;0.0;449.0;0.00278867884197938;0
2015-02-06 21:01:00;20.2;19.1;0.0;450.0;0.00278867884197938;0
2015-02-06 21:10:59;20.15;19.1;0.0;447.5;0.00278002821422076;0
2015-02-06 21:21:00;20.2;19.0;0.0;448.5;0.0027740133138574;0
2015-02-06 21:30:59;20.2;19.0;0.0;441.5;0.0027740133138574;0
2015-02-06 21:40:59;20.2;18.89;0.0;446.0;0.0027578820280988;0
2015-02-06 21:51:00;20.2;18.89;0.0;443.5;0.0027578820280988;0
2015-02-06 22:01:00;20.1;18.79;0.0;447.0;0.00272622320693274;0
2015-02-06 22:11:00;20.1;18.89;0.0;439.0;0.00274079604409978;0
2015-02-06 22:21:00;20.1;18.89;0.0;446.0;0.00274079604409978;0
2015-02-06 22:31:00;20.0;18.89;0.0;439.0;0.0027238032974594697;0
2015-02-06 22:40:59;20.0;18.84;0.0;442.0;0.00271656216615092;0
2015-02-06 22:51:00;20.0;18.823333333333302;0.0;434.5;0.00271414849301746;0
2015-02-06 23:00:59;20.0;18.79;0.0;436.5;0.00270932120270335;0
2015-02-06 23:10:59;20.0;18.79;0.0;433.0;0.00270932120270335;0
2015-02-06 23:21:00;19.89;18.89;0.0;437.0;0.00270521844389013;0
2015-02-06 23:31:00;20.0;18.79;0.0;436.5;0.00270932120270335;0
2015-02-06 23:41:00;20.0;18.76;0.0;439.0;0.00270497670520565;0
2015-02-06 23:51:00;19.945;18.7;0.0;441.0;0.00268707588122265;0
2015-02-07 00:01:00;19.9725;18.745;0.0;433.666666666667;0.0026981838167703;0
2015-02-07 00:10:59;20.0;18.79;0.0;438.0;0.00270932120270335;0
2015-02-07 00:21:00;20.0;18.7;0.0;448.0;0.00269628789148877;0
2015-02-07 00:30:59;20.0;18.7;0.0;439.0;0.00269628789148877;0
2015-02-07 00:40:59;20.0;18.7;0.0;435.0;0.00269628789148877;0
2015-02-07 00:51:00;20.0;18.7;0.0;432.0;0.00269628789148877;0
2015-02-07 01:01:00;19.945;18.7;0.0;435.5;0.00268707588122265;0
2015-02-07 01:11:00;19.945;18.7;0.0;434.0;0.00268707588122265;0
2015-02-07 01:21:00;20.0;18.7;0.0;439.0;0.00269628789148877;0
2015-02-07 01:31:00;20.0;18.79;0.0;435.0;0.00270932120270335;0
2015-02-07 01:40:59;19.89;18.76;0.0;437.666666666667;0.0026865208602552698;0
2015-02-07 01:51:00;19.89;18.84;0.0;438.0;0.00269802693311136;0
2015-02-07 02:00:59;19.89;18.89;0.0;436.5;0.00270521844389013;0
2015-02-07 02:10:59;19.84;18.945;0.0;438.0;0.0027046938978904397;0
2015-02-07 02:21:00;19.89;18.963333333333303;0.0;431.666666666667;0.0027157662925478697;0
2015-02-07 02:31:00;19.89;18.89;0.0;437.0;0.00270521844389013;0
2015-02-07 02:41:00;19.89;19.0;0.0;442.5;0.0027210403504494;0
2015-02-07 02:51:00;19.89;19.05;0.0;442.5;0.0027282323911009604;0
2015-02-07 03:01:00;19.79;19.0;0.0;434.5;0.00270414330887012;0
2015-02-07 03:10:59;19.79;19.0;0.0;443.0;0.00270414330887012;0
2015-02-07 03:21:00;19.79;19.1;0.0;439.0;0.00271843784418595;0
2015-02-07 03:30:59;19.79;19.1;0.0;438.0;0.00271843784418595;0
2015-02-07 03:40:59;19.79;19.2;0.0;443.0;0.00273273303369438;0
2015-02-07 03:51:00;19.79;19.29;0.0;438.5;0.00274559926362376;0
2015-02-07 04:01:00;19.79;19.29;0.0;441.0;0.00274559926362376;0
2015-02-07 04:11:00;19.79;19.29;0.0;440.0;0.00274559926362376;0
2015-02-07 04:21:00;19.79;19.29;0.0;442.0;0.00274559926362376;0
2015-02-07 04:31:00;19.79;19.29;0.0;441.0;0.00274559926362376;0
2015-02-07 04:40:59;19.79;19.29;0.0;443.0;0.00274559926362376;0
2015-02-07 04:51:00;19.745;19.39;0.0;439.0;0.0027521653764906;0
2015-02-07 05:00:59;19.745;19.39;0.0;442.0;0.0027521653764906;0
2015-02-07 05:10:59;19.79;19.39;0.0;444.0;0.0027598956962218697;0
2015-02-07 05:21:00;19.745;19.29;0.0;440.5;0.0027379091629172896;0
2015-02-07 05:31:00;19.79;19.29;0.0;439.0;0.00274559926362376;0
2015-02-07 05:41:00;19.79;19.2;0.0;437.0;0.00273273303369438;0
2015-02-07 05:51:00;19.79;19.29;0.0;444.0;0.00274559926362376;0
2015-02-07 06:01:00;19.7;19.39;0.0;446.0;0.0027444541255403397;0
2015-02-07 06:10:59;19.7;19.39;0.0;441.0;0.0027444541255403397;0
2015-02-07 06:21:00;19.7;19.39;0.0;445.0;0.0027444541255403397;0
2015-02-07 06:30:59;19.7;19.39;0.0;447.0;0.0027444541255403397;0
2015-02-07 06:40:59;19.7;19.245;0.0;442.0;0.00272384099923968;0
2015-02-07 06:51:00;19.79;19.2;0.0;444.0;0.00273273303369438;0
2015-02-07 07:01:00;19.7;19.29;0.0;451.0;0.00273023803079935;0
2015-02-07 07:11:00;19.6666666666667;19.356666666666698;0.0;449.333333333333;0.0027340254725664102;0
2015-02-07 07:21:00;19.7;19.39;0.0;451.0;0.0027444541255403397;0
2015-02-07 07:31:00;19.7;19.39;0.0;445.0;0.0027444541255403397;0
2015-02-07 07:40:59;19.7;19.39;0.0;447.0;0.0027444541255403397;0
2015-02-07 07:51:00;19.7;19.5;0.0;456.0;0.00276009257704848;0
2015-02-07 08:00:59;19.6;19.39;0.0;449.0;0.0027273860798363602;0
2015-02-07 08:10:59;19.6;19.5;14.0;451.0;0.00274292684718233;0
2015-02-07 08:21:00;19.6;19.5;7.0;450.5;0.00274292684718233;0
2015-02-07 08:31:00;19.7;19.5;24.0;454.0;0.00276009257704848;0
2015-02-07 08:41:00;19.7;19.5;26.5;459.0;0.00276009257704848;0
2015-02-07 08:51:00;19.6666666666667;19.463333333333303;42.3333333333333;456.333333333333;0.00274915815797597;0
2015-02-07 09:01:00;19.575;19.6;55.0;454.75;0.00275275664497478;0
2015-02-07 09:10:59;19.89;19.39;107.25;452.5;0.00277714265946394;0
2015-02-07 09:21:00;20.15;19.2225;137.75;455.0;0.00279793844278506;0
2015-02-07 09:30:59;20.39;19.0;166.25;455.5;0.00280692737964998;0
2015-02-07 09:40:59;20.7;18.89;611.5;452.25;0.00284472592086517;0
2015-02-07 09:51:00;20.89;18.84;212.0;460.0;0.00287069829192633;0
2015-02-07 10:01:00;21.075;18.7;257.0;458.25;0.00288200958652276;0
2015-02-07 10:11:00;21.29;18.525;258.75;461.5;0.0028930178766182397;0
2015-02-07 10:21:00;21.5;18.4725;290.25;461.5;0.0029223211425512398;0
2015-02-07 10:31:00;21.7;18.29;317.33333333333303;454.666666666667;0.0029291064639253;0
2015-02-07 10:40:59;21.89;18.1;329.33333333333303;460.0;0.00293253765841459;0
2015-02-07 10:51:00;22.1;17.963333333333303;335.33333333333303;464.666666666667;0.0029479897906909;0
2015-02-07 11:00:59;22.2;17.89;350.25;458.5;0.00295392554344823;0
2015-02-07 11:10:59;22.39;17.7;338.0;453.666666666667;0.0029565564114779103;0
2015-02-07 11:21:00;22.5;17.7;357.5;456.0;0.00297648758928842;0
2015-02-07 11:31:00;22.6;17.6;356.0;455.5;0.0029777089929062302;0
2015-02-07 11:41:00;22.7;17.6;358.0;455.5;0.00299592415883982;0
2015-02-07 11:51:00;22.76;17.6;344.333333333333;450.0;0.00300690021288565;0
2015-02-07 12:01:00;22.89;17.6;338.33333333333303;451.666666666667;0.00303080301077589;0
2015-02-07 12:10:59;22.89;17.675;318.5;452.5;0.00304378156630861;0
2015-02-07 12:21:00;22.9725;17.5;313.5;445.75;0.00302866715853687;0
2015-02-07 12:30:59;23.033333333333303;17.356666666666698;308.5;454.0;0.00301487575835715;0
2015-02-07 12:40:59;23.1;17.29;303.0;454.666666666667;0.00301543624514715;0
2015-02-07 12:51:00;23.1;17.05;285.0;448.75;0.00297337931845684;0
2015-02-07 13:01:00;23.1;17.033333333333303;268.25;447.5;0.00297045890872133;0
2015-02-07 13:11:00;23.0666666666667;17.0;265.0;449.333333333333;0.0029586178469069397;0
2015-02-07 13:21:00;23.075;16.865;252.0;448.5;0.00293649913855628;0
2015-02-07 13:31:00;23.0;16.823333333333302;189.0;443.0;0.0029158836142625802;0
2015-02-07 13:40:59;22.89;16.89;205.0;445.0;0.0029079660487289303;0
2015-02-07 13:51:00;22.73;17.033333333333303;160.666666666667;441.0;0.00290432031391607;0
2015-02-07 14:00:59;22.6;17.125;168.75;436.5;0.00289697039025201;0
2015-02-07 14:10:59;22.6;17.2225;158.5;441.5;0.0029135413492504198;0
2015-02-07 14:21:00;22.445;17.365;121.5;441.5;0.00291009883974994;0
2015-02-07 14:31:00;22.356666666666698;17.5;119.0;442.333333333333;0.00291704408520697;0
2015-02-07 14:41:00;22.29;17.7;100.0;440.0;0.0029385390831873;0
2015-02-07 14:51:00;22.175;17.79;93.25;441.5;0.0029328454968212897;0
2015-02-07 15:01:00;22.05;17.945;63.0;443.5;0.00293596160645754;0
2015-02-07 15:10:59;21.89;18.1;69.75;437.0;0.00293253765841459;0
2015-02-07 15:21:00;21.79;18.2;64.5;436.5;0.0029307775015886602;0
2015-02-07 15:30:59;21.7;18.4725;44.0;442.5;0.00295847248431251;0
2015-02-07 15:40:59;21.5;18.7;37.0;442.0;0.00295848247696224;0
2015-02-07 15:51:00;21.39;18.89;38.3333333333333;440.333333333333;0.00296851933813242;0
2015-02-07 16:01:00;21.272;19.16;39.5;439.75;0.00298934382002562;0
2015-02-07 16:11:00;21.1;19.39;19.75;433.5;0.0029934776556324;0
2015-02-07 16:21:00;21.0;19.675;24.0;436.0;0.00301899350254098;0
2015-02-07 16:31:00;20.89;19.945;11.5;437.0;0.0030398928079983898;0
2015-02-07 16:40:59;20.79;20.0;14.0;438.75;0.0030295225859519;0
2015-02-07 16:51:00;20.7;20.39;14.0;441.0;0.00307173289826042;0
2015-02-07 17:00:59;20.6333333333333;20.6333333333333;0.0;438.0;0.00309576545382003;0
2015-02-07 17:10:59;20.6;20.79;0.0;434.5;0.0031129533273278396;0
2015-02-07 17:21:00;20.6;21.0;0.0;435.0;0.0031445562671195302;0
2015-02-07 17:31:00;20.5;21.29;0.0;435.5;0.00316849891658704;0
2015-02-07 17:41:00;20.5;21.39;0.0;439.0;0.00318345765593941;0
2015-02-07 17:51:00;20.39;21.7;0.0;430.0;0.00320786368786681;0
2015-02-07 18:01:00;20.39;22.0;0.0;433.333333333333;0.00325244393170573;0
2015-02-07 18:10:59;20.39;22.2;0.0;441.0;0.0032821676264105;0
2015-02-07 18:21:00;20.29;22.5;0.0;432.0;0.00330615959738039;0
2015-02-07 18:30:59;20.29;22.79;0.0;433.0;0.00334900175851823;0
2015-02-07 18:40:59;20.2;23.0;0.0;432.0;0.00336117195896949;0
2015-02-07 18:51:00;20.1;23.29;0.0;434.5;0.00338267464632764;0
2015-02-07 19:01:00;20.2;23.463333333333303;0.0;439.333333333333;0.00342925583135537;0
2015-02-07 19:11:00;20.15;23.7;0.0;441.5;0.00345328099886475;0
2015-02-07 19:21:00;20.1;24.1;0.0;441.0;0.00350098244405205;0
2015-02-07 19:31:00;20.1;24.2;0.0;435.0;0.0035155914492964397;0
2015-02-07 19:40:59;20.0;24.445;0.0;445.0;0.00352933965427684;0
2015-02-07 19:51:00;20.0;24.745;0.0;441.5;0.00357290209578391;0
2015-02-07 20:00:59;20.0;25.1;0.0;440.5;0.00362445882352175;0
2015-02-07 20:10:59;20.0;25.1;0.0;447.0;0.00362445882352175;0
2015-02-07 20:21:00;20.0;25.2;0.0;447.0;0.0036389833795333897;0
2015-02-07 20:31:00;20.0;25.55;0.0;441.0;0.0036898246369600897;0
2015-02-07 20:41:00;19.945;25.89;0.0;442.5;0.00372642469747065;0
2015-02-07 20:51:00;19.89;26.1;0.0;445.5;0.00374397059334565;0
2015-02-07 21:01:00;19.89;26.29;0.0;438.0;0.00377139080747475;0
2015-02-07 21:10:59;19.89;26.6;0.0;435.333333333333;0.0038161342109962705;0
2015-02-07 21:21:00;19.89;26.84;0.0;429.5;0.00385077865991085;0
2015-02-07 21:30:59;19.89;26.84;0.0;445.0;0.00385077865991085;0
2015-02-07 21:40:59;19.89;27.2;0.0;444.0;0.00390275252591555;0
2015-02-07 21:51:00;19.79;27.29;0.0;438.0;0.0038913852289912;0
2015-02-07 22:01:00;19.79;27.5;0.0;444.0;0.0039215187224099606;0
2015-02-07 22:11:00;19.7;27.84;0.0;437.0;0.0039480558071287;0
2015-02-07 22:21:00;19.79;27.79;0.0;435.5;0.003963136412331271;0
2015-02-07 22:31:00;19.79;28.05;0.0;433.0;0.00400045352944381;0
2015-02-07 22:40:59;19.7;28.39;0.0;435.5;0.00402655751661013;0
2015-02-07 22:51:00;19.7;28.533333333333303;0.0;441.333333333333;0.00404701877230097;0
2015-02-07 23:00:59;19.7;28.7;0.0;440.0;0.00407081261199722;0
2015-02-07 23:10:59;19.65;28.945;0.0;438.5;0.0040929803613646;0
2015-02-07 23:21:00;19.7;28.89;0.0;433.0;0.00409793979552548;0
2015-02-07 23:31:00;19.7;29.05;0.0;444.0;0.00412078556295211;0
2015-02-07 23:41:00;19.6;29.1;0.0;438.0;0.0041021967156572;0
2015-02-07 23:51:00;19.65;29.34;0.0;435.0;0.00414920810467655;0
2015-02-08 00:01:00;19.6;29.463333333333303;0.0;438.666666666667;0.00415375747957689;0
2015-02-08 00:10:59;19.55;29.65;0.0;442.0;0.00416719426026783;0
2015-02-08 00:21:00;19.6;29.5;0.0;437.0;0.00415896133117862;0
2015-02-08 00:30:59;19.6;29.6666666666667;0.0;437.666666666667;0.00418261629227928;0
2015-02-08 00:40:59;19.6;29.89;0.0;439.0;0.00421431674237602;0
2015-02-08 00:51:00;19.55;29.945;0.0;442.0;0.0042089359418182705;0
2015-02-08 01:01:00;19.5;30.0666666666667;0.0;437.0;0.00421294716978378;0
2015-02-08 01:11:00;19.5;30.2;0.0;436.5;0.00423175696942982;0
2015-02-08 01:21:00;19.5;30.245;0.0;437.0;0.00423810553185621;0
2015-02-08 01:31:00;19.6;30.1;0.0;442.0;0.00424412755638058;0
2015-02-08 01:40:59;19.5;30.2;0.0;439.0;0.00423175696942982;0
2015-02-08 01:51:00;19.5;30.5;0.0;439.0;0.00427408315045469;0
2015-02-08 02:00:59;19.39;30.55;0.0;436.5;0.00425174196501045;0
2015-02-08 02:10:59;19.445;30.7;0.0;431.5;0.00428751009302205;0
2015-02-08 02:21:00;19.39;30.745;0.0;436.0;0.00427906744554202;0
2015-02-08 02:31:00;19.39;30.926666666666698;0.0;439.333333333333;0.0043045266628411105;0
2015-02-08 02:41:00;19.39;30.84;0.0;440.0;0.0042923807230041;0
2015-02-08 02:51:00;19.39;31.05;0.0;435.5;0.0043218120817878;0
2015-02-08 03:01:00;19.39;31.1;0.0;440.0;0.0043288199558765205;0
2015-02-08 03:10:59;19.34;31.1;0.0;436.5;0.00431527430832022;0
2015-02-08 03:21:00;19.34;31.15;0.0;438.0;0.00432226025852344;0
2015-02-08 03:30:59;19.39;31.0;0.0;443.0;0.0043148043645168605;0
2015-02-08 03:40:59;19.445;31.0;0.0;434.5;0.00432969923135401;0
2015-02-08 03:51:00;19.39;31.1;0.0;437.5;0.0043288199558765205;0
2015-02-08 04:01:00;19.39;31.2;0.0;437.5;0.00434283617452838;0
2015-02-08 04:11:00;19.34;31.29;0.0;433.0;0.00434182174820438;0
2015-02-08 04:21:00;19.29;31.39;0.0;433.0;0.00434215907828131;0
2015-02-08 04:31:00;19.29;31.29;0.0;439.0;0.00432822988334154;0
2015-02-08 04:40:59;19.39;31.29;0.0;430.666666666667;0.00435545130768469;0
2015-02-08 04:51:00;19.29;31.39;0.0;436.0;0.00434215907828131;0
2015-02-08 05:00:59;19.29;31.6;0.0;440.333333333333;0.00437141240440136;0
2015-02-08 05:10:59;19.2;31.6;0.0;430.0;0.00434679691769094;0
2015-02-08 05:21:00;19.2;31.6;0.0;434.5;0.00434679691769094;0
2015-02-08 05:31:00;19.2;31.6;0.0;435.0;0.00434679691769094;0
2015-02-08 05:41:00;19.29;31.55;0.0;433.5;0.00436444707890572;0
2015-02-08 05:51:00;19.34;31.55;0.0;439.5;0.00437815347100645;0
2015-02-08 06:01:00;19.29;31.6;0.0;441.0;0.00437141240440136;0
2015-02-08 06:10:59;19.245;31.65;0.0;437.5;0.004366035016828;0
2015-02-08 06:21:00;19.2;31.7;0.0;431.0;0.00436064904098968;0
2015-02-08 06:30:59;19.2;31.5;0.0;432.0;0.00433294540706503;0
2015-02-08 06:40:59;19.2;31.55;0.0;432.0;0.004339871085796421;0
2015-02-08 06:51:00;19.2;31.5;0.0;433.5;0.00433294540706503;0
2015-02-08 07:01:00;19.2;31.39;0.0;436.333333333333;0.00431770945296514;0
2015-02-08 07:11:00;19.2;31.39;0.0;437.5;0.00431770945296514;0
2015-02-08 07:21:00;19.1;31.39;0.0;439.0;0.00429068592833222;0
2015-02-08 07:31:00;19.0;31.356666666666698;0.0;435.333333333333;0.00425925315880258;0
2015-02-08 07:40:59;19.2;31.2;0.0;431.666666666667;0.00429139455081785;0
2015-02-08 07:51:00;19.2;31.1;0.0;430.5;0.00427754549047685;0
2015-02-08 08:00:59;19.245;31.1;0.0;431.0;0.00428964070321433;0
2015-02-08 08:10:59;19.23;31.1;0.0;433.333333333333;0.00428560561288179;0
2015-02-08 08:21:00;19.23;31.1333333333333;14.0;430.666666666667;0.0042902306562674;0
2015-02-08 08:31:00;19.23;31.1333333333333;20.6666666666667;439.0;0.0042902306562674;0
2015-02-08 08:41:00;19.2;31.125;6.5;433.5;0.004281007698141479;0
2015-02-08 08:51:00;19.2;31.1666666666667;14.0;437.0;0.00428677812931616;0
2015-02-08 09:01:00;19.245;31.15;36.0;428.75;0.00429658487077552;0
2015-02-08 09:10:59;19.29;31.075;6.0;437.5;0.004298284212043029;0
2015-02-08 09:21:00;19.2675;31.0;17.0;428.75;0.00428179200863381;0
2015-02-08 09:30:59;19.29;30.89;75.5;435.0;0.0042725192984461;0
2015-02-08 09:40:59;19.4725;30.575;34.25;424.75;0.00427729367356571;0
2015-02-08 09:51:00;19.4175;30.6;14.0;430.25;0.004266092697879829;0
2015-02-08 10:01:00;19.39;30.575;13.0;431.5;0.00425524509848832;0
2015-02-08 10:11:00;19.315;30.55;24.0;426.5;0.004231801525015321;0
2015-02-08 10:21:00;19.29;30.6;24.0;431.5;0.00423213532126926;0
2015-02-08 10:31:00;19.29;30.533333333333303;24.0;427.666666666667;0.004222852384602229;0
2015-02-08 10:40:59;19.245;30.55;24.0;437.5;0.00421326502209067;0
2015-02-08 10:51:00;19.26;30.5666666666667;31.0;433.333333333333;0.00421954741490875;0
2015-02-08 11:00:59;19.23;30.533333333333303;31.0;433.0;0.0042069903254854;0
2015-02-08 11:10:59;19.245;30.55;6.0;437.0;0.00421326502209067;0
2015-02-08 11:21:00;19.1;30.79;22.0;430.0;0.00420811731920908;0
2015-02-08 11:31:00;19.1;30.89;13.0;436.333333333333;0.00422187724213521;0
2015-02-08 11:41:00;19.1;31.0;18.5;435.0;0.0042370138558047105;0
2015-02-08 11:51:00;19.1;31.0;18.5;432.0;0.0042370138558047105;0
2015-02-08 12:01:00;19.2;30.79;65.6666666666667;423.333333333333;0.0042346172954835296;0
2015-02-08 12:10:59;19.39;30.6;106.0;431.0;0.00425874827115814;0
2015-02-08 12:21:00;19.4175;30.4175;255.0;425.666666666667;0.004240476039317129;0
2015-02-08 12:30:59;19.625;30.125;54.5;426.25;0.00425432464846632;0
2015-02-08 12:40:59;19.7;30.1;178.666666666667;425.0;0.00427075229335247;0
2015-02-08 12:51:00;20.1333333333333;29.5;243.333333333333;430.0;0.00429976864365105;0
2015-02-08 13:01:00;20.39;29.2;273.33333333333303;429.0;0.00432428032125835;0
2015-02-08 13:11:00;20.625;28.5;247.25;431.5;0.0042819714838781605;0
2015-02-08 13:21:00;20.745;28.025;164.5;424.75;0.00424158081417014;0
2015-02-08 13:31:00;20.6;27.7;127.0;428.0;0.0041545205463918294;0
2015-02-08 13:40:59;20.7;27.323333333333302;171.0;423.0;0.0041231564108402605;0
2015-02-08 13:51:00;20.675;26.8925;195.25;417.0;0.00405143207678965;0
2015-02-08 14:00:59;20.6666666666667;26.6;178.333333333333;414.0;0.00400501173016373;0
2015-02-08 14:10:59;20.675;26.39;142.25;424.5;0.00397524519037489;0
2015-02-08 14:21:00;20.7;26.2225;72.0;421.5;0.00395598149613975;0
2015-02-08 14:31:00;20.5;26.2;63.5;419.0;0.00390381930954106;0
2015-02-08 14:41:00;20.39;26.2;73.25;421.5;0.0038772355562648204;0
2015-02-08 14:51:00;20.34;26.2225;69.75;422.5;0.0038685449082954;0
2015-02-08 15:01:00;20.29;26.175;60.75;417.75;0.0038495077188517796;0
2015-02-08 15:10:59;20.2;26.175;56.5;419.0;0.00382801537817504;0
2015-02-08 15:21:00;20.15;26.2675;52.25;423.75;0.00382968982916166;0
2015-02-08 15:30:59;20.075;26.29;44.0;418.5;0.0038151308968836397;0
2015-02-08 15:40:59;20.0;26.365;37.0;421.0;0.00380824416502914;0
2015-02-08 15:51:00;19.89;26.5;19.0;421.0;0.0038017001559394296;0
2015-02-08 16:01:00;19.79;26.6;33.5;424.25;0.00379239560424957;0
2015-02-08 16:11:00;19.7;26.7;31.0;423.0;0.00378540585145811;0
2015-02-08 16:21:00;19.65;26.745;31.0;417.75;0.0037799978431417797;0
2015-02-08 16:31:00;19.6;26.7;26.5;428.0;0.00376182503753838;0
2015-02-08 16:40:59;19.5;26.89;29.3333333333333;426.0;0.0037651376149917203;0
2015-02-08 16:51:00;19.5;27.05;24.0;414.5;0.0037876772384673103;0
2015-02-08 17:00:59;19.39;27.1;6.0;423.0;0.00376868514089311;0
2015-02-08 17:10:59;19.39;27.2;17.0;423.0;0.00378267630066579;0
2015-02-08 17:21:00;19.39;27.15;8.5;424.5;0.00377568064257549;0
2015-02-08 17:31:00;19.39;27.15;14.0;422.0;0.00377568064257549;0
2015-02-08 17:41:00;19.39;27.2;0.0;426.0;0.00378267630066579;0
2015-02-08 17:51:00;19.39;27.2;0.0;427.5;0.00378267630066579;0
2015-02-08 18:01:00;19.34;27.29;0.0;422.5;0.0037834028932961;0
2015-02-08 18:10:59;19.323333333333302;27.39;0.0;420.333333333333;0.00379338853862594;0
2015-02-08 18:21:00;19.29;27.5;0.0;426.0;0.0038007697086113704;0
2015-02-08 18:30:59;19.34;27.445;0.0;425.0;0.0038050230787118897;0
2015-02-08 18:40:59;19.39;27.39;0.0;432.0;0.00380926122794171;0
2015-02-08 18:51:00;19.29;27.6;0.0;429.0;0.0038146754523217703;0
2015-02-08 19:01:00;19.29;27.7;0.0;432.0;0.00382858181403718;0
2015-02-08 19:11:00;19.2;27.7;0.0;439.5;0.0038070415925907397;0
2015-02-08 19:21:00;19.315;27.6;0.0;434.5;0.0038206559685438897;0
2015-02-08 19:31:00;19.39;27.6;0.0;434.0;0.00383864719670305;0
2015-02-08 19:40:59;19.29;27.7;0.0;435.0;0.00382858181403718;0
2015-02-08 19:51:00;19.34;27.65;0.0;436.0;0.0038336198120908203;0
2015-02-08 20:00:59;19.39;27.6;0.0;441.5;0.00383864719670305;0
2015-02-08 20:10:59;19.39;27.5;0.0;444.0;0.0038246535340678103;0
2015-02-08 20:21:00;19.39;27.5;0.0;439.333333333333;0.0038246535340678103;0
2015-02-08 20:31:00;19.39;27.5;0.0;442.0;0.0038246535340678103;0
2015-02-08 20:41:00;19.39;27.39;0.0;443.5;0.00380926122794171;0
2015-02-08 20:51:00;19.39;27.39;0.0;453.0;0.00380926122794171;0
2015-02-08 21:01:00;19.39;27.39;0.0;446.0;0.00380926122794171;0
2015-02-08 21:10:59;19.5;27.5;0.0;443.5;0.00385107863568625;0
2015-02-08 21:21:00;19.5;27.5;0.0;452.0;0.00385107863568625;0
2015-02-08 21:30:59;19.445;27.55;0.0;447.0;0.0038448670491455796;0
2015-02-08 21:40:59;19.5;27.6;0.0;449.5;0.00386516957975751;0
2015-02-08 21:51:00;19.5;27.6;0.0;444.0;0.00386516957975751;0
2015-02-08 22:01:00;19.5;27.6;0.0;444.0;0.00386516957975751;0
2015-02-08 22:11:00;19.5;27.7;0.0;446.0;0.0038792611583540796;0
2015-02-08 22:21:00;19.5;27.7;0.0;450.5;0.0038792611583540796;0
2015-02-08 22:31:00;19.5;27.7;0.0;447.666666666667;0.0038792611583540796;0
2015-02-08 22:40:59;19.5;27.7;0.0;447.0;0.0038792611583540796;0
2015-02-08 22:51:00;19.5;27.79;0.0;453.5;0.00389194412164556;0
2015-02-08 23:00:59;19.5;27.79;0.0;452.0;0.00389194412164556;0
2015-02-08 23:10:59;19.5;27.7;0.0;450.5;0.0038792611583540796;0
2015-02-08 23:21:00;19.463333333333303;27.5666666666667;0.0;447.0;0.00385162465225822;0
2015-02-08 23:31:00;19.5;27.39;0.0;449.5;0.00383557933003345;0
2015-02-08 23:41:00;19.5;27.2;0.0;452.0;0.0038088096101958;0
2015-02-08 23:51:00;19.5;27.1;0.0;448.0;0.0037947212037972603;0
2015-02-09 00:01:00;19.5;27.1;0.0;459.0;0.0037947212037972603;0
2015-02-09 00:10:59;19.5;27.0;0.0;461.0;0.0037806334317097797;0
2015-02-09 00:21:00;19.5;27.0;0.0;451.5;0.0037806334317097797;0
2015-02-09 00:30:59;19.5;26.89;0.0;457.0;0.0037651376149917203;0
2015-02-09 00:40:59;19.39;26.79;0.0;462.5;0.00372531652116727;0
2015-02-09 00:51:00;19.39;26.79;0.0;458.0;0.00372531652116727;0
2015-02-09 01:01:00;19.39;27.0;0.0;462.5;0.00375469460673115;0
2015-02-09 01:11:00;19.39;27.1;0.0;460.5;0.00376868514089311;0
2015-02-09 01:21:00;19.463333333333303;27.23;0.0;462.333333333333;0.0038042977609384796;0
2015-02-09 01:31:00;19.445;27.245;0.0;459.5;0.00380204118313949;0
2015-02-09 01:40:59;19.39;27.2;0.0;465.5;0.00378267630066579;0
2015-02-09 01:51:00;19.34;27.2;0.0;467.0;0.00377084992276213;0
2015-02-09 02:00:59;19.39;27.1;0.0;466.5;0.00376868514089311;0
2015-02-09 02:10:59;19.39;26.89;0.0;472.0;0.00373930574168329;0
2015-02-09 02:21:00;19.39;26.84;0.0;473.0;0.0037323110532375796;0
2015-02-09 02:31:00;19.39;26.7;0.0;472.0;0.00371272675749;0
2015-02-09 02:41:00;19.39;26.7;0.0;469.0;0.00371272675749;0
2015-02-09 02:51:00;19.39;26.6;0.0;470.5;0.00369873872535136;0
2015-02-09 03:01:00;19.39;26.7;0.0;470.0;0.00371272675749;0
2015-02-09 03:10:59;19.39;26.73;0.0;469.333333333333;0.00371692328909105;0
2015-02-09 03:21:00;19.29;26.79;0.0;470.0;0.0037020566954088204;0
2015-02-09 03:30:59;19.29;26.79;0.0;474.0;0.0037020566954088204;0
2015-02-09 03:40:59;19.39;26.65;0.0;466.5;0.00370573266324294;0
2015-02-09 03:51:00;19.39;26.65;0.0;466.0;0.00370573266324294;0
2015-02-09 04:01:00;19.39;26.7;0.0;467.0;0.00371272675749;0
2015-02-09 04:11:00;19.39;26.7;0.0;469.5;0.00371272675749;0
2015-02-09 04:21:00;19.29;26.7;0.0;471.0;0.00368954600216578;0
2015-02-09 04:31:00;19.29;26.79;0.0;466.0;0.0037020566954088204;0
2015-02-09 04:40:59;19.29;26.89;0.0;467.0;0.0037159580524680296;0
2015-02-09 04:51:00;19.29;26.89;0.0;465.5;0.0037159580524680296;0
2015-02-09 05:00:59;19.34;26.79;0.0;461.5;0.00371367054043556;0
2015-02-09 05:10:59;19.39;26.7;0.0;465.0;0.00371272675749;0
2015-02-09 05:21:00;19.5;26.7;0.0;461.0;0.0037383739208854;0
2015-02-09 05:31:00;19.5;26.7;0.0;456.0;0.0037383739208854;0
2015-02-09 05:41:00;19.463333333333303;26.856666666666698;0.0;462.333333333333;0.00375182482450967;0
2015-02-09 05:51:00;19.39;26.7;0.0;460.0;0.00371272675749;0
2015-02-09 06:01:00;19.445;26.795;0.0;466.5;0.00373886618111249;0
2015-02-09 06:10:59;19.5;26.5;0.0;463.0;0.0037102040844392203;0
2015-02-09 06:21:00;19.39;26.39;0.0;467.5;0.00366936589349026;0
2015-02-09 06:30:59;19.39;26.29;0.0;464.0;0.00365537979995807;0
2015-02-09 06:40:59;19.29;26.34;0.0;465.5;0.0036395082317320204;0
2015-02-09 06:51:00;19.34;26.2;0.0;465.5;0.00363140635006537;0
2015-02-09 07:01:00;19.29;26.1;0.0;471.0;0.0036061541641287604;0
2015-02-09 07:11:00;19.34;26.0;0.0;468.5;0.0036035250926877297;0
2015-02-09 07:21:00;19.39;25.89;0.0;473.0;0.00359944167811953;0
2015-02-09 07:31:00;19.5;26.1;0.0;467.0;0.0036538720198535705;0
2015-02-09 07:40:59;19.5;26.2;0.0;473.0;0.00366795408506867;0
2015-02-09 07:51:00;19.5;26.39;0.0;470.333333333333;0.0036947117554779704;0
2015-02-09 08:00:59;19.5;26.5;0.0;471.333333333333;0.0037102040844392203;0
2015-02-09 08:10:59;19.5;26.6;0.0;471.0;0.00372428868561385;0
2015-02-09 08:21:00;19.5;26.7;0.0;477.5;0.0037383739208854;0
2015-02-09 08:31:00;19.5;26.79;0.0;471.5;0.00375105117481805;0
2015-02-09 08:41:00;19.5;27.0;0.0;469.0;0.0037806334317097797;0
2015-02-09 08:51:00;19.575;27.675;397.0;496.5;0.0038939642525813397;1
2015-02-09 09:01:00;19.7675;28.175;392.5;546.0;0.004012753577661179;1
2015-02-09 09:10:59;20.0;29.1975;405.0;655.5;0.0042201553502084896;1
2015-02-09 09:21:00;20.15;30.15;419.0;759.0;0.004399745818525079;1
2015-02-09 09:30:59;20.29;30.495;433.0;850.5;0.0044894276145259395;1
2015-02-09 09:40:59;20.4725;30.9175;433.0;921.5;0.0046040640583768205;1
2015-02-09 09:51:00;20.5;31.2225;442.5;968.0;0.0046577794953484705;1
2015-02-09 10:01:00;20.7;31.5225;438.0;1056.75;0.00476167168028189;1
2015-02-09 10:11:00;20.7;31.7925;441.75;1111.0;0.0048027717995022;1
2015-02-09 10:21:00;20.79;31.99;435.0;1150.66666666667;0.00485991199727559;1
2015-02-09 10:31:00;20.89;32.26;439.0;1204.33333333333;0.00493175076456065;1
2015-02-09 10:40:59;21.0;32.4;444.0;1262.0;0.00498721298961528;1
2015-02-09 10:51:00;21.0;32.56;454.0;1315.0;0.00501203965460524;1
2015-02-09 11:00:59;21.1;33.045;454.0;1361.75;0.00511892052238426;1
2015-02-09 11:10:59;21.125;33.0425;474.5;1357.0;0.00512645979018345;1
2015-02-09 11:21:00;21.2;33.1633333333333;504.0;1402.66666666667;0.00516930489146299;1
2015-02-09 11:31:00;21.29;33.1633333333333;464.0;1413.33333333333;0.005198166483070071;1
2015-02-09 11:41:00;21.39;33.35;479.0;1438.5;0.0052600912462056;1
2015-02-09 11:51:00;21.39;33.3725;464.0;1458.0;0.0052636700649866894;1
2015-02-09 12:01:00;21.4725;33.5675;464.0;1458.75;0.0053217465721637205;1
2015-02-09 12:10:59;21.5;33.6933333333333;479.0;1429.0;0.00535094842592544;1
2015-02-09 12:21:00;21.5666666666667;34.5;469.0;1422.66666666667;0.00550279566311072;1
2015-02-09 12:30:59;21.5;34.4225;464.5;1391.5;0.00546776773423122;1
2015-02-09 12:40:59;21.4175;34.0225;467.75;1365.25;0.0053762058899107;1
2015-02-09 12:51:00;21.5;33.7;514.0;1315.66666666667;0.005352016291143171;1
2015-02-09 13:01:00;21.5;33.4666666666667;464.0;1283.33333333333;0.00531464317145733;1
2015-02-09 13:11:00;21.5;33.2225;31.0;1246.0;0.005275539638668661;1
2015-02-09 13:21:00;21.29;33.06;22.0;1197.66666666667;0.00518183462736836;0
2015-02-09 13:31:00;21.2;32.9;13.0;1128.25;0.0051279196436793;0
2015-02-09 13:40:59;21.2;32.9;454.0;1113.75;0.0051279196436793;1
2015-02-09 13:51:00;21.245;32.925;474.5;1126.5;0.00514615613719146;1
2015-02-09 14:00:59;21.29;33.05;451.5;1129.0;0.00518025417034164;1
2015-02-09 14:10:59;21.4175;33.87;484.0;1202.75;0.00535190062568885;1
2015-02-09 14:21:00;21.5;34.26;487.333333333333;1260.33333333333;0.00544172994966993;1
2015-02-09 14:31:00;21.6333333333333;34.6933333333333;480.666666666667;1345.0;0.00555672795536732;1
2015-02-09 14:41:00;21.73;35.4;464.0;1440.0;0.00570487229439401;1
2015-02-09 14:51:00;21.84;35.95;466.75;1513.0;0.00583377318526353;1
2015-02-09 15:01:00;21.89;36.5725;455.5;1605.25;0.005954076613171829;1
2015-02-09 15:10:59;21.9175;36.845;444.0;1682.75;0.0060090439542928;1
2015-02-09 15:21:00;21.9175;37.145;444.0;1716.25;0.00605844745810765;1
2015-02-09 15:30:59;21.926666666666698;37.463333333333296;444.0;1767.0;0.0061143320359338;1
2015-02-09 15:40:59;21.9725;37.6725;440.25;1828.0;0.00616619901235127;1
2015-02-09 15:51:00;21.963333333333303;37.896666666666704;444.0;1846.66666666667;0.00619975336647141;1
2015-02-09 16:01:00;22.0;38.2725;432.75;1895.0;0.00627602150426355;1
2015-02-09 16:11:00;22.0;38.56;441.0;1935.33333333333;0.00632364578827334;1
2015-02-09 16:21:00;22.075;38.895;438.0;1981.25;0.00640869057740842;1
2015-02-09 16:31:00;22.1;38.76;447.0;2003.33333333333;0.00639605796889285;1
2015-02-09 16:40:59;22.1;38.834;447.0;1982.0;0.0064083950362563;1
2015-02-09 16:51:00;22.1;38.79;433.0;2000.0;0.00640105942430457;1
2015-02-09 17:00:59;22.1;39.0;433.0;2007.66666666667;0.00643607184150235;1
2015-02-09 17:10:59;22.1;39.03;433.0;2028.0;0.00644107393388423;1
2015-02-09 17:21:00;22.1333333333333;39.09;433.0;2023.0;0.00646433289198431;1
2015-02-09 17:31:00;22.23;38.93;403.666666666667;1995.0;0.00647601323671025;1
2015-02-09 17:41:00;22.125;38.45;433.0;1926.0;0.00635415352427576;1
2015-02-09 17:51:00;22.1;38.145;433.0;1863.75;0.00629354567488201;1
2015-02-09 18:01:00;22.1;37.9;426.0;1803.25;0.0062527167593995;1
2015-02-09 18:10:59;21.89;37.5;0.0;1729.5;0.0061065579291249995;0
2015-02-09 18:21:00;21.73;37.1266666666667;0.0;1629.0;0.00598581037832928;0
2015-02-09 18:30:59;21.55;36.79;0.0;1517.0;0.00586545883536125;0
2015-02-09 18:40:59;21.39;36.59;0.0;1449.0;0.00577586195943773;0
2015-02-09 18:51:00;21.29;36.45;0.0;1381.5;0.005718068993054;0
2015-02-09 19:01:00;21.1;36.2;0.0;1295.0;0.00561206354418701;0
2015-02-09 19:11:00;21.0;36.09;0.0;1250.0;0.00556027858312086;0
2015-02-09 19:21:00;20.89;35.9;0.0;1194.0;0.00549313050089804;0
2015-02-09 19:31:00;20.7;35.7;0.0;1131.0;0.0053981859236734795;0
2015-02-09 19:40:59;20.7;35.5;0.0;1081.0;0.00536768300640675;0
2015-02-09 19:51:00;20.6666666666667;35.26;0.0;1039.66666666667;0.005320051334498479;0
2015-02-09 20:00:59;20.6;35.09;0.0;1001.0;0.00527228758037146;0
2015-02-09 20:10:59;20.55;35.0;0.0;956.0;0.00524232421091791;0
2015-02-09 20:21:00;20.5;34.79;0.0;911.0;0.0051944244324762;0
2015-02-09 20:31:00;20.5;34.59;0.0;869.0;0.00516431490400991;0
2015-02-09 20:41:00;20.55;34.345;0.0;822.0;0.00514340660241916;0
2015-02-09 20:51:00;20.5;34.0;0.0;793.0;0.0050755086358581;0
2015-02-09 21:01:00;20.5;34.09;0.0;756.0;0.00508905372909098;0
2015-02-09 21:10:59;20.5;33.9;0.0;726.0;0.00506045921853273;0
2015-02-09 21:21:00;20.5;33.76;0.0;704.0;0.00503939124778962;0
2015-02-09 21:30:59;20.5;33.59;0.0;676.0;0.0050138106150364;0
2015-02-09 21:40:59;20.5;33.59;0.0;650.0;0.0050138106150364;0
2015-02-09 21:51:00;20.5;33.5;0.0;660.5;0.00500026877206866;0
2015-02-09 22:01:00;20.5;33.4;0.0;629.0;0.00498522296590201;0
2015-02-09 22:11:00;20.5;33.29;0.0;1365.0;0.00496867341311421;0
2015-02-09 22:21:00;20.445;33.245;0.0;594.0;0.0049449549504168204;0
2015-02-09 22:31:00;20.5;33.2;0.0;583.333333333333;0.00495513351974405;0
2015-02-09 22:40:59;20.5;33.09;0.0;581.0;0.0049385855553457;0
2015-02-09 22:51:00;20.5;33.09;0.0;557.0;0.0049385855553457;0
2015-02-09 23:00:59;20.5;33.0;0.0;546.0;0.00492504696147335;0
2015-02-09 23:10:59;20.39;33.0;0.0;541.0;0.00489145462900984;0
2015-02-09 23:21:00;20.39;32.9;0.0;527.0;0.00487651582926721;0
2015-02-09 23:31:00;20.39;33.0;0.0;521.5;0.00489145462900984;0
2015-02-09 23:41:00;20.39;33.0;0.0;513.0;0.00489145462900984;0
2015-02-09 23:51:00;20.39;32.9;0.0;501.0;0.00487651582926721;0
2015-02-10 00:01:00;20.356666666666698;33.0;0.0;500.333333333333;0.00488131519570132;0
2015-02-10 00:10:59;20.39;33.0;0.0;499.0;0.00489145462900984;0
2015-02-10 00:21:00;20.29;33.0;0.0;487.0;0.00486109204215602;0
2015-02-10 00:30:59;20.29;33.0;0.0;488.0;0.00486109204215602;0
2015-02-10 00:40:59;20.29;32.975;0.0;474.75;0.0048573806378096;0
2015-02-10 00:51:00;20.29;33.0;0.0;477.5;0.00486109204215602;0
2015-02-10 01:01:00;20.29;32.9;0.0;482.0;0.00484624668845129;0
2015-02-10 01:11:00;20.29;32.9666666666667;0.0;469.0;0.00485614351279357;0
2015-02-10 01:21:00;20.29;32.9;0.0;465.5;0.00484624668845129;0
2015-02-10 01:31:00;20.29;33.0;0.0;470.0;0.00486109204215602;0
2015-02-10 01:40:59;20.29;32.9;0.0;464.0;0.00484624668845129;0
2015-02-10 01:51:00;20.29;32.9;0.0;463.0;0.00484624668845129;0
2015-02-10 02:00:59;20.29;32.9;0.0;459.0;0.00484624668845129;0
2015-02-10 02:10:59;20.245;32.845;0.0;452.0;0.00482453822464545;0
2015-02-10 02:21:00;20.29;32.9;0.0;463.0;0.00484624668845129;0
2015-02-10 02:31:00;20.29;32.9;0.0;457.5;0.00484624668845129;0
2015-02-10 02:41:00;20.29;32.9;0.0;458.0;0.00484624668845129;0
2015-02-10 02:51:00;20.29;32.9;0.0;454.5;0.00484624668845129;0
2015-02-10 03:01:00;20.2;32.79;0.0;454.0;0.0048029094981687104;0
2015-02-10 03:10:59;20.23;32.826666666666696;0.0;455.0;0.0048173198017732;0
2015-02-10 03:21:00;20.2;32.9;0.0;450.666666666667;0.0048191465636018204;0
2015-02-10 03:30:59;20.2;32.9;0.0;450.5;0.0048191465636018204;0
2015-02-10 03:40:59;20.2;32.9;0.0;445.0;0.0048191465636018204;0
2015-02-10 03:51:00;20.2;32.9;0.0;450.0;0.0048191465636018204;0
2015-02-10 04:01:00;20.2;32.9;0.0;444.0;0.0048191465636018204;0
2015-02-10 04:11:00;20.2;32.9;0.0;450.0;0.0048191465636018204;0
2015-02-10 04:21:00;20.1;33.0;0.0;449.5;0.0048038617191859204;0
2015-02-10 04:31:00;20.2;33.0;0.0;445.5;0.0048339082621864;0
2015-02-10 04:40:59;20.1;32.95;0.0;444.0;0.0047965270123705795;0
2015-02-10 04:51:00;20.1333333333333;33.0;0.0;446.666666666667;0.00481385884010662;0
2015-02-10 05:00:59;20.2;33.0;0.0;450.0;0.0048339082621864;0
2015-02-10 05:10:59;20.15;33.0;0.0;446.5;0.00481886429259954;0
2015-02-10 05:21:00;20.2;33.0;0.0;446.0;0.0048339082621864;0
2015-02-10 05:31:00;20.1;33.0;0.0;452.5;0.0048038617191859204;0
2015-02-10 05:41:00;20.1;33.09;0.0;449.5;0.00481706462404567;0
2015-02-10 05:51:00;20.1;33.09;0.0;441.0;0.00481706462404567;0
2015-02-10 06:01:00;20.1;33.09;0.0;445.0;0.00481706462404567;0
2015-02-10 06:10:59;20.1;33.09;0.0;442.5;0.00481706462404567;0
2015-02-10 06:21:00;20.1;33.1633333333333;0.0;448.333333333333;0.00482782295777407;0
2015-02-10 06:30:59;20.2;33.09;0.0;455.0;0.00484719438539044;0
2015-02-10 06:40:59;20.1;33.09;0.0;451.0;0.00481706462404567;0
2015-02-10 06:51:00;20.29;33.09;0.0;445.0;0.0048744534616992205;0
2015-02-10 07:01:00;20.26;33.06;0.0;452.333333333333;0.0048609065974677;0
2015-02-10 07:11:00;20.29;33.09;0.0;445.666666666667;0.0048744534616992205;0
2015-02-10 07:21:00;20.29;33.045;0.0;450.5;0.004867772680729379;0
2015-02-10 07:31:00;20.29;33.0;0.0;455.0;0.00486109204215602;0
2015-02-10 07:40:59;20.29;33.0;0.0;448.666666666667;0.00486109204215602;0
2015-02-10 07:51:00;20.29;33.045;0.0;449.0;0.004867772680729379;0
2015-02-10 08:00:59;20.29;33.09;0.0;451.5;0.0048744534616992205;0
2015-02-10 08:10:59;20.29;33.09;0.0;453.0;0.0048744534616992205;0
2015-02-10 08:21:00;20.29;33.1266666666667;0.0;450.0;0.00487989716629469;0
2015-02-10 08:31:00;20.29;33.2;0.0;454.5;0.00489078485912552;0
2015-02-10 08:41:00;20.356666666666698;33.4;419.0;482.333333333333;0.0049409526584124;0
2015-02-10 08:51:00;20.5;33.7225;407.5;495.5;0.00503374828172461;1
2015-02-10 09:01:00;20.675;33.975;419.0;527.75;0.0051272263778175;1
2015-02-10 09:10:59;20.79;34.9725;433.0;631.0;0.0053168857019661895;1
2015-02-10 09:21:00;21.0;35.65;433.0;719.0;0.0054918905554738;1
2015-02-10 09:30:59;21.1;36.095;433.0;798.5;0.0055956390183456795;1